{
  "IcoMoonType": "selection",
  "icons": [
    {
      "icon": {
        "paths": [
          "M426.667 170.667q17.667 0 30.167 12.5t12.5 30.167q0 18-12.667 30.333l-225.667 225.667h665q17.667 0 30.167 12.5t12.5 30.167-12.5 30.167-30.167 12.5h-665l225.667 225.667q12.667 12.333 12.667 30.333 0 17.667-12.5 30.167t-30.167 12.5q-18 0-30.333-12.333l-298.667-298.667q-12.333-13-12.333-30.333t12.333-30.333l298.667-298.667q12.667-12.333 30.333-12.333z"
        ],
        "attrs": [],
        "isMulticolor": false,
        "isMulticolor2": false,
        "tags": [
          "arrow-left"
        ],
        "defaultCode": 57492,
        "grid": 24
      },
      "attrs": [],
      "properties": {
        "id": 0,
        "order": 109,
        "prevSize": 24,
        "code": 57492,
        "name": "arrow-left"
      },
      "setIdx": 0,
      "setId": 8,
      "iconIdx": 0
    },
    {
      "icon": {
        "paths": [
          "M597.333 170.667q18 0 30.333 12.333l298.667 298.667q12.333 12.333 12.333 30.333t-12.333 30.333l-298.667 298.667q-12.333 12.333-30.333 12.333-18.333 0-30.5-12.167t-12.167-30.5q0-18 12.333-30.333l226-225.667h-665q-17.667 0-30.167-12.5t-12.5-30.167 12.5-30.167 30.167-12.5h665l-226-225.667q-12.333-12.333-12.333-30.333 0-18.333 12.167-30.5t30.5-12.167z"
        ],
        "attrs": [],
        "isMulticolor": false,
        "isMulticolor2": false,
        "tags": [
          "arrow-right"
        ],
        "defaultCode": 57493,
        "grid": 24
      },
      "attrs": [],
      "properties": {
        "id": 1,
        "order": 110,
        "prevSize": 24,
        "code": 57493,
        "name": "arrow-right"
      },
      "setIdx": 0,
      "setId": 8,
      "iconIdx": 1
    },
    {
      "icon": {
        "paths": [
          "M512 85.333q18 0 30.333 12.333l298.667 298.667q12.333 12.333 12.333 30.333 0 18.333-12.167 30.5t-30.5 12.167q-18 0-30.333-12.333l-225.667-226v665q0 17.667-12.5 30.167t-30.167 12.5-30.167-12.5-12.5-30.167v-665l-225.667 226q-12.333 12.333-30.333 12.333-18.333 0-30.5-12.167t-12.167-30.5q0-18 12.333-30.333l298.667-298.667q12.333-12.333 30.333-12.333z"
        ],
        "attrs": [],
        "isMulticolor": false,
        "isMulticolor2": false,
        "tags": [
          "arrow-up"
        ],
        "defaultCode": 57494,
        "grid": 24
      },
      "attrs": [],
      "properties": {
        "id": 2,
        "order": 111,
        "prevSize": 24,
        "code": 57494,
        "name": "arrow-up"
      },
      "setIdx": 0,
      "setId": 8,
      "iconIdx": 2
    },
    {
      "icon": {
        "paths": [
          "M512 85.333q17.667 0 30.167 12.5t12.5 30.167v665l225.667-226q12.333-12.333 30.333-12.333 18.333 0 30.5 12.167t12.167 30.5q0 18-12.333 30.333l-298.667 298.667q-12.333 12.333-30.333 12.333t-30.333-12.333l-298.667-298.667q-12.333-12.333-12.333-30.333 0-18.333 12.167-30.5t30.5-12.167q18 0 30.333 12.333l225.667 226v-665q0-17.667 12.5-30.167t30.167-12.5z"
        ],
        "attrs": [],
        "isMulticolor": false,
        "isMulticolor2": false,
        "tags": [
          "arrow-down"
        ],
        "defaultCode": 57495,
        "grid": 24
      },
      "attrs": [],
      "properties": {
        "id": 3,
        "order": 112,
        "prevSize": 24,
        "code": 57495,
        "name": "arrow-down"
      },
      "setIdx": 0,
      "setId": 8,
      "iconIdx": 3
    },
    {
      "icon": {
        "paths": [
          "M512 85.333q17.667 0 30.167 12.5t12.5 30.167v341.333h341.333q17.667 0 30.167 12.5t12.5 30.167-12.5 30.167-30.167 12.5h-341.333v341.333q0 17.667-12.5 30.167t-30.167 12.5-30.167-12.5-12.5-30.167v-341.333h-341.333q-17.667 0-30.167-12.5t-12.5-30.167 12.5-30.167 30.167-12.5h341.333v-341.333q0-17.667 12.5-30.167t30.167-12.5z"
        ],
        "attrs": [],
        "isMulticolor": false,
        "isMulticolor2": false,
        "tags": [
          "plus"
        ],
        "defaultCode": 57620,
        "grid": 24
      },
      "attrs": [],
      "properties": {
        "id": 4,
        "order": 106,
        "prevSize": 24,
        "code": 57620,
        "name": "plus"
      },
      "setIdx": 0,
      "setId": 8,
      "iconIdx": 4
    },
    {
      "icon": {
        "paths": [
          "M896 213.333q18.333 0 30.5 12.167t12.167 30.5q0 18-12.333 30.333l-512 512q-12.333 12.333-30.333 12.333t-30.333-12.333l-256-256q-12.333-12.333-12.333-30.333 0-18.333 12.167-30.5t30.5-12.167q18 0 30.333 12.333l225.667 226 481.667-482q12.333-12.333 30.333-12.333z"
        ],
        "attrs": [],
        "isMulticolor": false,
        "isMulticolor2": false,
        "tags": [
          "check"
        ],
        "defaultCode": 57622,
        "grid": 24
      },
      "attrs": [],
      "properties": {
        "id": 5,
        "order": 108,
        "prevSize": 24,
        "code": 57622,
        "name": "check2"
      },
      "setIdx": 0,
      "setId": 8,
      "iconIdx": 5
    },
    {
      "icon": {
        "paths": [
          "M810.667 170.667q18.333 0 30.5 12.167t12.167 30.5q0 18-12.333 30.333l-268.667 268.333 268.667 268.333q12.333 12.333 12.333 30.333 0 18.333-12.167 30.5t-30.5 12.167q-18 0-30.333-12.333l-268.333-268.667-268.333 268.667q-12.333 12.333-30.333 12.333-18.333 0-30.5-12.167t-12.167-30.5q0-18 12.333-30.333l268.667-268.333-268.667-268.333q-12.333-12.333-12.333-30.333 0-18.333 12.167-30.5t30.5-12.167q18 0 30.333 12.333l268.333 268.667 268.333-268.667q12.333-12.333 30.333-12.333z"
        ],
        "attrs": [],
        "isMulticolor": false,
        "isMulticolor2": false,
        "tags": [
          "cross"
        ],
        "defaultCode": 57623,
        "grid": 24
      },
      "attrs": [],
      "properties": {
        "id": 6,
        "order": 107,
        "prevSize": 24,
        "code": 57623,
        "name": "cross2"
      },
      "setIdx": 0,
      "setId": 8,
      "iconIdx": 6
    },
    {
      "icon": {
        "paths": [
          "M597.333 170.667v-42.667c0-47.104-38.229-85.333-85.333-85.333h-170.667c-47.104 0-85.333 38.229-85.333 85.333v42.667h-170.667v128h-42.667v682.667h938.667v-810.667h-384zM896 896h-768v-512h768v512zM896 298.667h-725.333v-42.667h170.667v-128h170.667v128h384v42.667z"
        ],
        "attrs": [],
        "isMulticolor": false,
        "isMulticolor2": false,
        "tags": [
          "folder",
          "category",
          "directory"
        ],
        "grid": 24
      },
      "attrs": [],
      "properties": {
        "id": 19,
        "order": 113,
        "prevSize": 24,
        "code": 59689,
        "name": "folder"
      },
      "setIdx": 2,
      "setId": 6,
      "iconIdx": 18
    },
    {
      "icon": {
        "paths": [
          "M597.333 128v-42.667c0-47.104-38.229-85.333-85.333-85.333h-170.667c-47.104 0-85.333 38.229-85.333 85.333v42.667h-170.667v128h-42.667v298.667h85.333v-213.333h768v512h-469.333v85.333h554.667v-810.667h-384zM896 256h-725.333v-42.667h170.667v-128h170.667v128h384v42.667zM256 597.333h-128v128h-128v128h128v128h128v-128h128v-128h-128z"
        ],
        "attrs": [],
        "isMulticolor": false,
        "isMulticolor2": false,
        "tags": [
          "folder-add",
          "category",
          "directory"
        ],
        "grid": 24
      },
      "attrs": [],
      "properties": {
        "id": 20,
        "order": 114,
        "prevSize": 24,
        "code": 59690,
        "name": "folder-add"
      },
      "setIdx": 2,
      "setId": 6,
      "iconIdx": 19
    },
    {
      "icon": {
        "paths": [
          "M597.333 170.667v-42.667c0-47.104-38.229-85.333-85.333-85.333h-170.667c-47.104 0-85.333 38.229-85.333 85.333v42.667h-170.667v128h-42.667v298.667h85.333v-213.333h768v512h-469.333v85.333h554.667v-810.667h-384zM896 298.667h-725.333v-42.667h170.667v-128h170.667v128h384v42.667zM317.781 832.896c1.707-7.168 2.176-14.592 2.176-22.229 0-7.68-1.024-15.061-2.688-22.229l65.835-39.381-37.888-57.856-62.080 39.552c-9.088-6.912-26.411-12.416-26.411-16.213v-74.539h-86.784v74.539c0 3.797-17.323 9.301-26.411 16.213l-62.080-39.552-37.888 57.856 65.835 39.381c-1.621 7.168-2.688 14.549-2.688 22.229 0 7.637 0.469 15.061 2.176 22.229l-66.304 39.381 36.821 57.899 64.085-39.595c9.131 6.912 26.453 12.416 26.453 16.256v74.496h86.741v-74.496c0-3.84 17.323-9.344 26.453-16.256l64.085 39.595 36.821-57.899-66.261-39.381zM213.333 878.891c-39.168-0.256-70.912-30.677-70.912-68.224s31.744-67.968 70.912-68.224c39.168 0.256 70.912 30.677 70.912 68.224s-31.744 67.968-70.912 68.224z"
        ],
        "attrs": [],
        "isMulticolor": false,
        "isMulticolor2": false,
        "tags": [
          "folder-settings",
          "category",
          "directory"
        ],
        "grid": 24
      },
      "attrs": [],
      "properties": {
        "id": 21,
        "order": 115,
        "prevSize": 24,
        "code": 59691,
        "name": "folder-settings"
      },
      "setIdx": 2,
      "setId": 6,
      "iconIdx": 20
    },
    {
      "icon": {
        "paths": [
          "M213.333 0h597.333q53 0 90.5 37.5t37.5 90.5v768q0 53-37.5 90.5t-90.5 37.5h-597.333q-53 0-90.5-37.5t-37.5-90.5v-768q0-53 37.5-90.5t90.5-37.5zM341.333 725.333h341.333q17.667 0 30.167 12.5t12.5 30.167-12.5 30.167-30.167 12.5h-341.333q-17.667 0-30.167-12.5t-12.5-30.167 12.5-30.167 30.167-12.5zM341.333 554.667h341.333q17.667 0 30.167 12.5t12.5 30.167-12.5 30.167-30.167 12.5h-341.333q-17.667 0-30.167-12.5t-12.5-30.167 12.5-30.167 30.167-12.5zM810.667 85.333h-597.333q-17.667 0-30.167 12.5t-12.5 30.167v768q0 17.667 12.5 30.167t30.167 12.5h597.333q17.667 0 30.167-12.5t12.5-30.167v-768q0-17.667-12.5-30.167t-30.167-12.5zM341.333 384h341.333q17.667 0 30.167 12.5t12.5 30.167-12.5 30.167-30.167 12.5h-341.333q-17.667 0-30.167-12.5t-12.5-30.167 12.5-30.167 30.167-12.5zM341.333 213.333h170.667q17.667 0 30.167 12.5t12.5 30.167-12.5 30.167-30.167 12.5h-170.667q-17.667 0-30.167-12.5t-12.5-30.167 12.5-30.167 30.167-12.5z"
        ],
        "attrs": [],
        "isMulticolor": false,
        "isMulticolor2": false,
        "tags": [
          "paper"
        ],
        "defaultCode": 57396,
        "grid": 24
      },
      "attrs": [],
      "properties": {
        "id": 35,
        "order": 117,
        "prevSize": 24,
        "code": 57396,
        "name": "paper"
      },
      "setIdx": 3,
      "setId": 5,
      "iconIdx": 34
    },
    {
      "icon": {
        "paths": [
          "M356.667 155q17.333 0 30 12.5t12.667 30.167-12.667 30.333l-198.667 198.667h409.333q78 0 149.167 30.333t122.5 81.833 81.833 122.5 30.5 149.333v42.667q0 17.667-12.5 30.167t-30.167 12.5q-17.333 0-30-12.667t-12.667-30v-42.667q0-60.667-23.667-116t-63.667-95.333-95.333-63.667-116-23.667h-409.333l198.667 199q12.667 12.667 12.667 30 0 17.667-12.5 30.333t-30.167 12.667-30.333-12.667l-271.333-271.667q-12.333-12.333-12.333-30.333 0-17.667 12.333-30l271.333-271.667q12.667-12.667 30.333-12.667z"
        ],
        "attrs": [],
        "isMulticolor": false,
        "isMulticolor2": false,
        "tags": [
          "reply"
        ],
        "defaultCode": 57401,
        "grid": 24
      },
      "attrs": [],
      "properties": {
        "id": 40,
        "order": 116,
        "prevSize": 24,
        "code": 57401,
        "name": "reply"
      },
      "setIdx": 3,
      "setId": 5,
      "iconIdx": 39
    },
    {
      "icon": {
        "paths": [
          "M170.667 85.333h213.333l85.333 128h384q53 0 90.5 37.5t37.5 90.5v469.333q0 53-37.5 90.5t-90.5 37.5h-682.667q-53 0-90.5-37.5t-37.5-90.5v-597.333q0-53 37.5-90.5t90.5-37.5zM423.667 298.667l-82.333-128h-170.667q-17.667 0-30.167 12.5t-12.5 30.167v597.333q0 17.667 12.5 30.167t30.167 12.5h682.667q17.667 0 30.167-12.5t12.5-30.167v-469.333q0-17.667-12.5-30.167t-30.167-12.5h-429.667z"
        ],
        "attrs": [],
        "isMulticolor": false,
        "isMulticolor2": false,
        "tags": [
          "folder"
        ],
        "defaultCode": 57433,
        "grid": 24
      },
      "attrs": [],
      "properties": {
        "id": 60,
        "order": 118,
        "prevSize": 24,
        "code": 57433,
        "name": "folder2"
      },
      "setIdx": 3,
      "setId": 5,
      "iconIdx": 59
    },
    {
      "icon": {
        "paths": [
          "M42.667 213.333l469.333-213.333 469.333 213.333v597.333l-469.333 213.333-469.333-213.333v-597.333zM469.333 454l-341.333-155v456.667l341.333 155.333v-457zM896 755.667v-456.667l-341.333 155v457zM826.667 236.667l-314.667-143-314.667 143 314.667 143z"
        ],
        "attrs": [],
        "isMulticolor": false,
        "isMulticolor2": false,
        "tags": [
          "box"
        ],
        "defaultCode": 57465,
        "grid": 24
      },
      "attrs": [],
      "properties": {
        "id": 80,
        "order": 119,
        "prevSize": 24,
        "code": 57465,
        "name": "box"
      },
      "setIdx": 3,
      "setId": 5,
      "iconIdx": 79
    },
    {
      "icon": {
        "paths": [
          "M256 128h512l256 256v384q0 53-37.5 90.5t-90.5 37.5h-768q-53 0-90.5-37.5t-37.5-90.5v-384zM938.667 768v-298.667h-187.333q-28.333 74-94.5 122.333t-144.833 48.333q-52.333 0-101.667-22.333t-86-61.167-55-87.167h-184v298.667q0 17.333 12.333 30t30.333 12.667h768q17.667 0 30.167-12.5t12.5-30.167zM903.333 384l-169-170.667h-443l-170.667 170.667h220.667q0 42.333 22.667 81.667t62.5 64.167 85.5 24.833 85.5-24.833 62.5-64.167 22.667-81.667h220.667z"
        ],
        "attrs": [],
        "isMulticolor": false,
        "isMulticolor2": false,
        "tags": [
          "archive"
        ],
        "defaultCode": 57633,
        "grid": 24
      },
      "attrs": [],
      "properties": {
        "id": 122,
        "order": 120,
        "prevSize": 24,
        "code": 57633,
        "name": "archive"
      },
      "setIdx": 3,
      "setId": 5,
      "iconIdx": 121
    },
    {
      "icon": {
        "paths": [
          "M839.68 204.8c0-67.891-54.989-122.88-122.88-122.88s-122.88 54.989-122.88 122.88c0 49.203 29.082 91.341 70.861 110.95-4.198 81.101-65.024 108.646-170.752 148.275-44.544 16.742-93.645 35.277-135.629 63.181v-210.995c42.24-19.456 71.68-61.901 71.68-111.411 0-67.891-54.989-122.88-122.88-122.88s-122.88 54.989-122.88 122.88c0 49.51 29.491 91.955 71.68 111.411v391.629c-42.24 19.405-71.68 61.85-71.68 111.36 0 67.891 54.989 122.88 122.88 122.88s122.88-55.040 122.88-122.88c0-49.203-29.082-91.341-70.861-110.95 4.198-81.050 65.075-108.646 170.752-148.275 103.936-39.014 232.499-87.603 237.568-243.507 42.445-19.354 72.141-61.952 72.141-111.667zM307.2 133.888c39.117 0 70.861 31.693 70.861 70.912 0 39.117-31.744 70.912-70.861 70.912-39.168 0-70.861-31.795-70.861-70.912 0-39.219 31.693-70.912 70.861-70.912zM307.2 890.112c-39.219 0-70.912-31.795-70.912-70.912 0-39.219 31.693-70.912 70.912-70.912 39.117 0 70.861 31.693 70.861 70.912 0 39.117-31.744 70.912-70.861 70.912zM716.8 275.712c-39.219 0-70.912-31.795-70.912-70.912 0-39.219 31.693-70.912 70.912-70.912 39.117 0 70.861 31.693 70.861 70.912 0 39.117-31.744 70.912-70.861 70.912z"
        ],
        "attrs": [],
        "isMulticolor": false,
        "isMulticolor2": false,
        "tags": [
          "flow-branch"
        ],
        "grid": 20
      },
      "attrs": [],
      "properties": {
        "id": 0,
        "order": 96,
        "prevSize": 20,
        "code": 59687,
        "name": "flow-branch"
      },
      "setIdx": 1,
      "setId": 7,
      "iconIdx": 0
    },
    {
      "icon": {
        "paths": [
          "M899.123 124.877c-73.83-73.882-129.28-62.822-129.28-62.822l-656.691 656.64-51.712 243.814 243.866-51.712 656.691-656.538c-0.051 0 11.059-55.45-62.874-129.382zM290.816 881.51l-83.149 17.92c-7.987-15.002-17.664-30.003-35.328-47.718-17.715-17.715-32.717-27.29-47.718-35.379l17.92-83.098 24.064-24.013c0 0 45.21 0.922 96.307 52.019 51.046 50.995 52.019 96.307 52.019 96.307l-24.115 23.962z"
        ],
        "attrs": [],
        "isMulticolor": false,
        "isMulticolor2": false,
        "tags": [
          "edit"
        ],
        "grid": 20
      },
      "attrs": [],
      "properties": {
        "id": 1,
        "order": 97,
        "prevSize": 20,
        "code": 59688,
        "name": "edit"
      },
      "setIdx": 1,
      "setId": 7,
      "iconIdx": 1
    },
    {
      "icon": {
        "paths": [
          "M993.28 460.8h-174.080v-174.080c0-30.72-20.48-30.72-51.2-30.72s-51.2 0-51.2 30.72v174.080h-174.080c-30.72 0-30.72 20.48-30.72 51.2s0 51.2 30.72 51.2h174.080v174.080c0 30.72 20.48 30.72 51.2 30.72s51.2 0 51.2-30.72v-174.080h174.080c30.72 0 30.72-20.48 30.72-51.2s0-51.2-30.72-51.2zM378.88 460.8h-348.16c-30.72 0-30.72 20.48-30.72 51.2s0 51.2 30.72 51.2h348.16c30.72 0 30.72-20.48 30.72-51.2s0-51.2-30.72-51.2zM378.88 716.8h-348.16c-30.72 0-30.72 20.48-30.72 51.2s0 51.2 30.72 51.2h348.16c30.72 0 30.72-20.48 30.72-51.2s0-51.2-30.72-51.2zM378.88 204.8h-348.16c-30.72 0-30.72 20.48-30.72 51.2s0 51.2 30.72 51.2h348.16c30.72 0 30.72-20.48 30.72-51.2s0-51.2-30.72-51.2z"
        ],
        "attrs": [],
        "isMulticolor": false,
        "isMulticolor2": false,
        "tags": [
          "add-to-list"
        ],
        "grid": 20
      },
      "attrs": [],
      "properties": {
        "id": 2,
        "order": 81,
        "prevSize": 20,
        "code": 59672,
        "name": "add-to-list"
      },
      "setIdx": 1,
      "setId": 7,
      "iconIdx": 2
    },
    {
      "icon": {
        "paths": [
          "M819.2 0h-614.4c-56.32 0-102.4 46.029-102.4 102.4v768c0 28.262 22.886 51.2 51.2 51.2v102.4h716.8v-102.4c28.314 0 51.2-22.938 51.2-51.2v-768c0-56.371-46.029-102.4-102.4-102.4zM716.8 768h-204.8v-51.2h204.8v51.2zM768 563.2h-512v-409.6h512v409.6z"
        ],
        "attrs": [],
        "isMulticolor": false,
        "isMulticolor2": false,
        "tags": [
          "classic-computer"
        ],
        "grid": 20
      },
      "attrs": [],
      "properties": {
        "id": 3,
        "order": 80,
        "prevSize": 20,
        "code": 59673,
        "name": "classic-computer"
      },
      "setIdx": 1,
      "setId": 7,
      "iconIdx": 3
    },
    {
      "icon": {
        "paths": [
          "M512.051 399.36c-62.208 0-112.691 50.432-112.691 112.64s50.483 112.64 112.691 112.64c62.208 0 112.589-50.432 112.589-112.64s-50.381-112.64-112.589-112.64zM153.651 399.36c-62.208 0-112.691 50.432-112.691 112.64s50.483 112.64 112.691 112.64c62.208 0 112.589-50.483 112.589-112.64s-50.381-112.64-112.589-112.64zM870.451 399.36c-62.208 0-112.691 50.432-112.691 112.64s50.483 112.64 112.691 112.64c62.208 0 112.589-50.432 112.589-112.64s-50.381-112.64-112.589-112.64z"
        ],
        "attrs": [],
        "isMulticolor": false,
        "isMulticolor2": false,
        "tags": [
          "dots-three-horizontal"
        ],
        "grid": 20
      },
      "attrs": [],
      "properties": {
        "id": 4,
        "order": 54,
        "prevSize": 20,
        "code": 59648,
        "name": "dots-three-horizontal"
      },
      "setIdx": 1,
      "setId": 7,
      "iconIdx": 4
    },
    {
      "icon": {
        "paths": [
          "M921.6 758.989v-118.989c0-98.97-80.23-179.2-179.2-179.2h-102.4c-42.394 0-76.8-34.406-76.8-76.8v-118.989c42.24-19.456 71.68-61.85 71.68-111.411 0-67.891-54.989-122.88-122.88-122.88s-122.88 54.989-122.88 122.88c0 49.51 29.491 91.955 71.68 111.411v118.989c0 42.394-34.406 76.8-76.8 76.8h-102.4c-98.97 0-179.2 80.23-179.2 179.2v118.989c-42.24 19.456-71.68 61.901-71.68 111.411 0 67.891 54.989 122.88 122.88 122.88s122.88-55.040 122.88-122.88c0-49.51-29.491-91.955-71.68-111.411v-118.989c0-42.394 34.406-76.8 76.8-76.8h102.4c27.597 0 53.453-6.758 76.8-17.92v213.709c-42.24 19.456-71.68 61.901-71.68 111.411 0 67.891 54.989 122.88 122.88 122.88s122.88-55.040 122.88-122.88c0-49.51-29.491-91.955-71.68-111.411v-213.709c23.347 11.162 49.203 17.92 76.8 17.92h102.4c42.394 0 76.8 34.406 76.8 76.8v118.989c-42.24 19.456-71.68 61.85-71.68 111.411 0 67.891 54.989 122.88 122.88 122.88s122.88-55.040 122.88-122.88c0-49.51-29.44-91.955-71.68-111.411zM512 82.688c39.117 0 70.861 31.693 70.861 70.912 0 39.117-31.744 70.912-70.861 70.912-39.168 0-70.861-31.795-70.861-70.912 0-39.219 31.693-70.912 70.861-70.912zM153.6 941.312c-39.219 0-70.912-31.795-70.912-70.912 0-39.219 31.693-70.912 70.912-70.912 39.117 0 70.861 31.693 70.861 70.912 0 39.117-31.744 70.912-70.861 70.912zM512 941.312c-39.219 0-70.912-31.795-70.912-70.912 0-39.219 31.693-70.912 70.912-70.912 39.117 0 70.861 31.693 70.861 70.912 0 39.117-31.744 70.912-70.861 70.912zM870.4 941.312c-39.219 0-70.912-31.795-70.912-70.912 0-39.219 31.693-70.912 70.912-70.912 39.117 0 70.861 31.693 70.861 70.912 0 39.117-31.744 70.912-70.861 70.912z"
        ],
        "attrs": [],
        "isMulticolor": false,
        "isMulticolor2": false,
        "tags": [
          "flow-tree"
        ],
        "grid": 20
      },
      "attrs": [],
      "properties": {
        "id": 5,
        "order": 75,
        "prevSize": 20,
        "code": 59649,
        "name": "flow-tree"
      },
      "setIdx": 1,
      "setId": 7,
      "iconIdx": 5
    },
    {
      "icon": {
        "paths": [
          "M173.517 364.186l56.371 558.49c3.123 23.603 117.094 101.222 282.112 101.325 165.12-0.102 279.091-77.722 282.163-101.325l56.422-558.49c-86.221 48.23-215.091 71.014-338.586 71.014-123.392 0-252.314-22.784-338.483-71.014zM674.202 77.312l-43.981-48.691c-16.998-24.218-35.43-28.621-71.322-28.621h-93.747c-35.84 0-54.323 4.403-71.27 28.621l-43.981 48.691c-131.584 22.989-227.021 83.968-227.021 128.973v8.704c0 79.206 174.234 143.411 389.12 143.411 214.938 0 389.171-64.205 389.171-143.411v-8.704c0-45.005-95.386-105.984-226.97-128.973zM617.984 222.208l-54.784-68.608h-102.4l-54.682 68.608h-87.040c0 0 95.334-113.715 108.083-129.126 9.728-11.776 19.661-16.282 32.563-16.282h104.602c12.954 0 22.886 4.506 32.614 16.282 12.698 15.411 108.083 129.126 108.083 129.126h-87.040z"
        ],
        "attrs": [],
        "isMulticolor": false,
        "isMulticolor2": false,
        "tags": [
          "trash"
        ],
        "grid": 20
      },
      "attrs": [],
      "properties": {
        "id": 6,
        "order": 55,
        "prevSize": 20,
        "code": 59650,
        "name": "trash"
      },
      "setIdx": 1,
      "setId": 7,
      "iconIdx": 6
    },
    {
      "icon": {
        "paths": [
          "M870.4 153.6h-51.2v102.4h-153.6v-102.4h-307.2v102.4h-153.6v-102.4h-51.2c-56.371 0-102.4 46.080-102.4 102.4v614.4c0 56.32 46.029 102.4 102.4 102.4h716.8c56.32 0 102.4-46.080 102.4-102.4v-614.4c0-56.32-46.080-102.4-102.4-102.4zM870.4 870.4h-716.8v-409.6h716.8v409.6zM332.8 51.2h-102.4v179.2h102.4v-179.2zM793.6 51.2h-102.4v179.2h102.4v-179.2z"
        ],
        "attrs": [],
        "isMulticolor": false,
        "isMulticolor2": false,
        "tags": [
          "calendar"
        ],
        "grid": 20
      },
      "attrs": [],
      "properties": {
        "id": 7,
        "order": 74,
        "prevSize": 20,
        "code": 59651,
        "name": "calendar"
      },
      "setIdx": 1,
      "setId": 7,
      "iconIdx": 7
    },
    {
      "icon": {
        "paths": [
          "M35.072 512h121.446v-10.496c5.53-227.021 190.669-409.395 418.253-409.395 231.168 0 418.509 188.006 418.509 419.891s-187.341 419.789-418.509 419.789c-97.178 0-186.624-33.28-257.69-88.986l71.987-77.005c52.019 38.298 116.224 61.082 185.702 61.082 173.363 0 313.907-141.005 313.907-314.88s-140.544-314.88-313.907-314.88c-169.83 0-308.122 135.322-313.6 304.384v10.496h136.806l-178.893 199.373-184.013-199.373z"
        ],
        "attrs": [],
        "isMulticolor": false,
        "isMulticolor2": false,
        "tags": [
          "ccw"
        ],
        "grid": 20
      },
      "attrs": [],
      "properties": {
        "id": 8,
        "order": 83,
        "prevSize": 20,
        "code": 59674,
        "name": "ccw"
      },
      "setIdx": 1,
      "setId": 7,
      "iconIdx": 8
    },
    {
      "icon": {
        "paths": [
          "M424.653 870.298c-22.272 0-43.366-10.394-56.883-28.314l-182.938-241.715c-23.808-31.386-17.613-76.083 13.824-99.891 31.488-23.91 76.186-17.613 99.994 13.824l120.371 158.925 302.643-485.99c20.838-33.382 64.87-43.622 98.355-22.784 33.434 20.787 43.725 64.819 22.835 98.304l-357.581 573.952c-12.39 20.019-33.843 32.512-57.344 33.587-1.126 0.102-2.15 0.102-3.277 0.102z"
        ],
        "attrs": [],
        "isMulticolor": false,
        "isMulticolor2": false,
        "tags": [
          "check"
        ],
        "grid": 20
      },
      "attrs": [],
      "properties": {
        "id": 9,
        "order": 87,
        "prevSize": 20,
        "code": 59675,
        "name": "check"
      },
      "setIdx": 1,
      "setId": 7,
      "iconIdx": 9
    },
    {
      "icon": {
        "paths": [
          "M512 81.92c-237.517 0-430.080 192.563-430.080 430.080s192.563 430.080 430.080 430.080 430.080-192.563 430.080-430.080c0-237.517-192.563-430.080-430.080-430.080zM757.197 668.723l-88.525 88.525-156.672-156.723-156.723 156.672-88.525-88.525 156.774-156.672-156.723-156.723 88.525-88.474 156.672 156.672 156.723-156.723 88.525 88.525-156.774 156.723 156.723 156.723z"
        ],
        "attrs": [],
        "isMulticolor": false,
        "isMulticolor2": false,
        "tags": [
          "circle-with-cross"
        ],
        "grid": 20
      },
      "attrs": [],
      "properties": {
        "id": 10,
        "order": 84,
        "prevSize": 20,
        "code": 59676,
        "name": "circle-with-cross"
      },
      "setIdx": 1,
      "setId": 7,
      "iconIdx": 10
    },
    {
      "icon": {
        "paths": [
          "M512 81.92c-237.517 0-430.080 192.563-430.080 430.080s192.563 430.080 430.080 430.080 430.080-192.563 430.080-430.080c0-237.517-192.563-430.080-430.080-430.080zM768 563.2h-512v-102.4h512v102.4z"
        ],
        "attrs": [],
        "isMulticolor": false,
        "isMulticolor2": false,
        "tags": [
          "circle-with-minus"
        ],
        "grid": 20
      },
      "attrs": [],
      "properties": {
        "id": 11,
        "order": 85,
        "prevSize": 20,
        "code": 59677,
        "name": "circle-with-minus"
      },
      "setIdx": 1,
      "setId": 7,
      "iconIdx": 11
    },
    {
      "icon": {
        "paths": [
          "M512 81.92c-237.517 0-430.080 192.563-430.080 430.080s192.563 430.080 430.080 430.080 430.080-192.563 430.080-430.080c0-237.517-192.563-430.080-430.080-430.080zM768 563.2h-204.8v204.8h-102.4v-204.8h-204.8v-102.4h204.8v-204.8h102.4v204.8h204.8v102.4z"
        ],
        "attrs": [],
        "isMulticolor": false,
        "isMulticolor2": false,
        "tags": [
          "circle-with-plus"
        ],
        "grid": 20
      },
      "attrs": [],
      "properties": {
        "id": 12,
        "order": 86,
        "prevSize": 20,
        "code": 59678,
        "name": "circle-with-plus"
      },
      "setIdx": 1,
      "setId": 7,
      "iconIdx": 12
    },
    {
      "icon": {
        "paths": [
          "M512 20.48c-271.462 0-491.52 220.058-491.52 491.52s220.058 491.52 491.52 491.52c271.411 0 491.52-220.058 491.52-491.571 0-271.411-220.109-491.469-491.52-491.469zM512 901.069c-214.886 0-389.12-174.182-389.12-389.12s174.182-389.069 389.12-389.069c214.886 0 389.171 174.182 389.171 389.12s-174.285 389.069-389.171 389.069z"
        ],
        "attrs": [],
        "isMulticolor": false,
        "isMulticolor2": false,
        "tags": [
          "circle"
        ],
        "grid": 20
      },
      "attrs": [],
      "properties": {
        "id": 13,
        "order": 56,
        "prevSize": 20,
        "code": 59652,
        "name": "circle"
      },
      "setIdx": 1,
      "setId": 7,
      "iconIdx": 13
    },
    {
      "icon": {
        "paths": [
          "M859.29 512c0-53.709 33.075-96 82.79-125.082-9.011-29.901-20.838-58.624-35.43-85.606-55.757 14.592-100.864-7.219-138.803-45.21-37.939-37.888-49.562-82.995-34.97-138.803-26.982-14.592-55.706-26.522-85.606-35.379-29.082 49.664-81.664 82.688-135.27 82.688-53.658 0-106.189-33.024-135.322-82.688-29.952 8.858-58.573 20.787-85.555 35.379 14.592 55.808 3.021 100.915-35.021 138.803-37.888 37.99-82.995 59.802-138.803 45.21-14.592 26.982-26.47 55.706-35.379 85.606 49.664 29.082 82.688 71.373 82.688 125.082 0 53.606-33.024 106.189-82.688 135.322 8.96 29.901 20.787 58.573 35.379 85.606 55.808-14.592 100.915-3.021 138.803 34.918 37.939 37.99 49.613 83.098 35.021 138.803 26.982 14.592 55.654 26.522 85.606 35.482 29.082-49.818 81.664-82.79 135.322-82.79 53.606 0 106.189 33.024 135.322 82.79 29.901-9.011 58.573-20.89 85.606-35.482-14.592-55.706-3.021-100.813 34.97-138.803 37.939-37.888 83.046-59.699 138.803-45.21 14.592-26.982 26.47-55.603 35.43-85.606-49.818-29.133-82.893-71.424-82.893-125.030zM512 698.982c-103.322 0-187.034-83.712-187.034-186.982 0-103.322 83.763-187.085 187.034-187.085 103.322 0 186.982 83.814 186.982 187.085-0 103.322-83.661 186.982-186.982 186.982z"
        ],
        "attrs": [],
        "isMulticolor": false,
        "isMulticolor2": false,
        "tags": [
          "cog"
        ],
        "grid": 20
      },
      "attrs": [],
      "properties": {
        "id": 14,
        "order": 62,
        "prevSize": 20,
        "code": 59653,
        "name": "cog"
      },
      "setIdx": 1,
      "setId": 7,
      "iconIdx": 14
    },
    {
      "icon": {
        "paths": [
          "M734.618 760.269c-24.013 24.013-62.925 24.013-86.886 0l-135.731-155.136-135.731 155.085c-24.013 24.013-62.925 24.013-86.886 0-24.013-24.013-24.013-62.925 0-86.886l141.21-161.28-141.261-161.382c-24.013-24.013-24.013-62.874 0-86.886s62.874-24.013 86.886 0l135.782 155.187 135.731-155.187c24.013-24.013 62.874-24.013 86.886 0s24.013 62.925 0 86.886l-141.21 161.382 141.21 161.28c24.013 24.013 24.013 62.925 0 86.938z"
        ],
        "attrs": [],
        "isMulticolor": false,
        "isMulticolor2": false,
        "tags": [
          "cross"
        ],
        "grid": 20
      },
      "attrs": [],
      "properties": {
        "id": 15,
        "order": 88,
        "prevSize": 20,
        "code": 59679,
        "name": "cross"
      },
      "setIdx": 1,
      "setId": 7,
      "iconIdx": 15
    },
    {
      "icon": {
        "paths": [
          "M512 225.28c-335.923 0-512 247.398-512 286.72 0 39.219 176.077 286.72 512 286.72 335.872 0 512-247.501 512-286.72 0-39.322-176.128-286.72-512-286.72zM512 732.518c-125.696 0-227.584-98.714-227.584-220.518s101.888-220.621 227.584-220.621c125.696 0 227.533 98.816 227.533 220.621s-101.837 220.518-227.533 220.518zM512 512c-20.838-22.886 33.946-110.285 0-110.285-62.874 0-113.818 49.408-113.818 110.285s50.944 110.285 113.818 110.285c62.822 0 113.818-49.408 113.818-110.285 0-28.006-96.102 19.405-113.818 0z"
        ],
        "attrs": [],
        "isMulticolor": false,
        "isMulticolor2": false,
        "tags": [
          "eye"
        ],
        "grid": 20
      },
      "attrs": [],
      "properties": {
        "id": 16,
        "order": 73,
        "prevSize": 20,
        "code": 59654,
        "name": "eye"
      },
      "setIdx": 1,
      "setId": 7,
      "iconIdx": 16
    },
    {
      "icon": {
        "paths": [
          "M416.102 696.32c-35.277 61.286-11.52 111.616 37.478 139.878 48.947 28.314 104.499 23.808 139.878-37.478 35.277-61.184 258.406-607.488 239.002-618.701s-381.030 455.066-416.358 516.301zM512 307.2c22.426 0 44.237 1.894 65.587 5.581 22.426-28.109 47.514-59.085 71.936-88.474-43.622-12.595-89.702-19.507-137.523-19.507-287.078 0-512 242.125-512 551.219 0 18.995 0.819 37.99 2.509 56.474 2.509 28.211 27.648 48.896 55.501 46.49 28.211-2.611 48.998-27.392 46.49-55.603-1.382-15.462-2.099-31.488-2.099-47.36 0-251.699 179.917-448.819 409.6-448.819zM881.613 371.2c-14.285 38.4-29.389 77.517-42.701 111.309 51.968 75.264 82.688 169.677 82.688 273.51 0 16.179-0.768 32.512-2.202 48.282-2.56 28.211 18.176 53.094 46.336 55.706 1.536 0.102 3.123 0.205 4.71 0.205 26.163 0 48.538-20.019 50.944-46.592 1.69-18.944 2.611-38.298 2.611-57.6 0-151.245-53.914-286.208-142.387-384.819z"
        ],
        "attrs": [],
        "isMulticolor": false,
        "isMulticolor2": false,
        "tags": [
          "gauge"
        ],
        "grid": 20
      },
      "attrs": [],
      "properties": {
        "id": 17,
        "order": 89,
        "prevSize": 20,
        "code": 59680,
        "name": "gauge"
      },
      "setIdx": 1,
      "setId": 7,
      "iconIdx": 17
    },
    {
      "icon": {
        "paths": [
          "M880.128 212.736c-85.606-78.541-224.41-78.541-310.016 0l-58.112 53.35-58.163-53.35c-85.606-78.541-224.358-78.541-309.965 0-96.307 88.422-96.307 231.424 0 319.795l368.128 337.869 368.128-337.869c96.256-88.371 96.256-231.424 0-319.795z"
        ],
        "attrs": [],
        "isMulticolor": false,
        "isMulticolor2": false,
        "tags": [
          "heart"
        ],
        "grid": 20
      },
      "attrs": [],
      "properties": {
        "id": 18,
        "order": 72,
        "prevSize": 20,
        "code": 59655,
        "name": "heart"
      },
      "setIdx": 1,
      "setId": 7,
      "iconIdx": 18
    },
    {
      "icon": {
        "paths": [
          "M636.518 0c68.608 0 102.912 46.694 102.912 100.198 0 66.816-59.597 128.614-137.165 128.614-64.973 0-102.861-38.4-101.069-101.888 0-53.402 45.107-126.925 135.322-126.925zM425.421 1024c-54.17 0-93.85-33.382-55.962-180.429l62.157-260.71c10.803-41.677 12.595-58.419 0-58.419-16.23 0-86.477 28.774-128.102 57.19l-27.034-45.056c131.686-111.923 283.187-177.51 348.211-177.51 54.118 0 63.13 65.178 36.096 165.376l-71.219 274.022c-12.595 48.384-7.219 65.075 5.427 65.075 16.23 0 69.478-20.070 121.805-61.798l30.72 41.677c-128.102 130.406-268.032 180.582-322.099 180.582z"
        ],
        "attrs": [],
        "isMulticolor": false,
        "isMulticolor2": false,
        "tags": [
          "info"
        ],
        "grid": 20
      },
      "attrs": [],
      "properties": {
        "id": 19,
        "order": 77,
        "prevSize": 20,
        "code": 59670,
        "name": "info"
      },
      "setIdx": 1,
      "setId": 7,
      "iconIdx": 19
    },
    {
      "icon": {
        "paths": [
          "M1011.405 800.307c-12.646-18.995-89.805-134.707-89.805-134.707v-460.8c0-56.422-46.080-102.4-102.4-102.4h-614.4c-56.371 0-102.4 45.978-102.4 102.4v460.8c0 0-77.158 115.712-89.805 134.707-12.595 18.893-12.595 29.798-12.595 44.493v25.6c0 25.6 25.6 51.2 51.149 51.2h921.702c25.549 0 51.149-25.6 51.149-51.2v-25.6c0-14.694 0-25.6-12.595-44.493zM358.4 819.2l30.72-51.2h245.76l30.72 51.2h-307.2zM819.2 614.4h-614.4v-409.6h614.4v409.6z"
        ],
        "attrs": [],
        "isMulticolor": false,
        "isMulticolor2": false,
        "tags": [
          "laptop"
        ],
        "grid": 20
      },
      "attrs": [],
      "properties": {
        "id": 20,
        "order": 90,
        "prevSize": 20,
        "code": 59681,
        "name": "laptop"
      },
      "setIdx": 1,
      "setId": 7,
      "iconIdx": 20
    },
    {
      "icon": {
        "paths": [
          "M35.328 580.147l69.786 17.306 52.531-82.483-99.84-24.678c-24.986-6.195-50.227 8.909-56.422 33.792-6.195 24.73 8.96 49.818 33.946 56.064zM946.227 593.51l-228.506 205.619-268.646-207.923c-5.12-3.891-11.008-6.81-17.306-8.294l-35.738-8.909-52.582 82.483 56.32 13.978 291.686 225.69c8.499 6.502 18.534 9.677 28.621 9.677 11.213 0 22.426-3.994 31.181-11.878l257.434-231.782c19.046-17.101 20.531-46.387 3.277-65.382-17.254-18.944-46.643-20.48-65.741-3.277zM444.621 367.616l250.214 160.205c21.146 13.517 49.203 7.885 63.488-12.595l257.382-370.79c14.643-21.094 9.37-50.022-11.827-64.512-21.197-14.592-50.125-9.318-64.768 11.776l-231.834 333.875-251.699-161.126c-10.445-6.707-23.091-8.909-35.226-6.298-12.083 2.714-22.63 10.086-29.235 20.48l-383.846 602.47c-13.824 21.606-7.373 50.33 14.336 64 7.68 4.915 16.333 7.219 24.883 7.219 15.411 0 30.515-7.629 39.322-21.504l358.81-563.2z"
        ],
        "attrs": [],
        "isMulticolor": false,
        "isMulticolor2": false,
        "tags": [
          "line-graph"
        ],
        "grid": 20
      },
      "attrs": [],
      "properties": {
        "id": 21,
        "order": 58,
        "prevSize": 20,
        "code": 59656,
        "name": "line-graph"
      },
      "setIdx": 1,
      "setId": 7,
      "iconIdx": 21
    },
    {
      "icon": {
        "paths": [
          "M737.28 460.8h-296.96c-28.262 0-30.72 22.886-30.72 51.2s2.458 51.2 30.72 51.2h296.96c28.262 0 30.72-22.886 30.72-51.2s-2.458-51.2-30.72-51.2zM839.68 716.8h-399.36c-28.262 0-30.72 22.886-30.72 51.2s2.458 51.2 30.72 51.2h399.36c28.262 0 30.72-22.886 30.72-51.2s-2.458-51.2-30.72-51.2zM440.32 307.2h399.36c28.262 0 30.72-22.886 30.72-51.2s-2.458-51.2-30.72-51.2h-399.36c-28.262 0-30.72 22.886-30.72 51.2s2.458 51.2 30.72 51.2zM276.48 460.8h-92.16c-28.262 0-30.72 22.886-30.72 51.2s2.458 51.2 30.72 51.2h92.16c28.262 0 30.72-22.886 30.72-51.2s-2.458-51.2-30.72-51.2zM276.48 716.8h-92.16c-28.262 0-30.72 22.886-30.72 51.2s2.458 51.2 30.72 51.2h92.16c28.262 0 30.72-22.886 30.72-51.2s-2.458-51.2-30.72-51.2zM276.48 204.8h-92.16c-28.262 0-30.72 22.886-30.72 51.2s2.458 51.2 30.72 51.2h92.16c28.262 0 30.72-22.886 30.72-51.2s-2.458-51.2-30.72-51.2z"
        ],
        "attrs": [],
        "isMulticolor": false,
        "isMulticolor2": false,
        "tags": [
          "list"
        ],
        "grid": 20
      },
      "attrs": [],
      "properties": {
        "id": 22,
        "order": 57,
        "prevSize": 20,
        "code": 59657,
        "name": "list"
      },
      "setIdx": 1,
      "setId": 7,
      "iconIdx": 22
    },
    {
      "icon": {
        "paths": [
          "M808.96 409.6h-92.16v-122.88c0-148.326-68.352-235.52-204.8-235.52-136.499 0-204.8 87.194-204.8 235.52v20.48h102.4v-41.011c0-73.984 40.806-112.589 102.4-112.589s102.4 38.605 102.4 112.589v143.411h-409.6c-28.314 0-51.2 33.075-51.2 61.389v399.411c0 28.109 21.914 58.317 48.691 66.918l61.286 19.814c26.829 8.55 71.782 15.667 99.942 15.667h296.96c28.109 0 73.114-7.117 99.891-15.718l61.235-19.814c26.829-8.55 48.794-38.758 48.794-66.867v-399.411c0-28.314-33.178-61.389-61.44-61.389z"
        ],
        "attrs": [],
        "isMulticolor": false,
        "isMulticolor2": false,
        "tags": [
          "lock-open"
        ],
        "grid": 20
      },
      "attrs": [],
      "properties": {
        "id": 23,
        "order": 71,
        "prevSize": 20,
        "code": 59658,
        "name": "lock-open"
      },
      "setIdx": 1,
      "setId": 7,
      "iconIdx": 23
    },
    {
      "icon": {
        "paths": [
          "M808.96 409.6h-92.16v-122.88c0-148.326-68.352-235.52-204.8-235.52-136.499 0-204.8 87.194-204.8 235.52v122.88h-102.4c-28.314 0-51.2 33.075-51.2 61.389v399.411c0 28.109 21.914 58.317 48.691 66.918l61.286 19.814c26.829 8.55 71.782 15.667 99.942 15.667h296.96c28.109 0 73.114-7.117 99.891-15.718l61.235-19.814c26.829-8.55 48.794-38.758 48.794-66.867v-399.411c0-28.314-33.178-61.389-61.44-61.389zM614.4 409.6h-204.8v-143.411c0-73.984 40.806-112.589 102.4-112.589s102.4 38.605 102.4 112.589v143.411z"
        ],
        "attrs": [],
        "isMulticolor": false,
        "isMulticolor2": false,
        "tags": [
          "lock"
        ],
        "grid": 20
      },
      "attrs": [],
      "properties": {
        "id": 24,
        "order": 70,
        "prevSize": 20,
        "code": 59659,
        "name": "lock"
      },
      "setIdx": 1,
      "setId": 7,
      "iconIdx": 24
    },
    {
      "icon": {
        "paths": [
          "M898.304 791.91l-193.485-193.485c29.184-47.872 45.978-104.192 45.978-164.352 0-174.95-151.603-326.502-326.554-326.502-174.95-0.051-316.723 141.773-316.723 316.723 0 174.899 151.603 326.502 326.502 326.502 58.214 0 112.64-15.821 159.488-43.213l194.509 194.611c19.046 18.995 49.92 18.995 68.915 0l48.282-48.282c18.995-18.995 12.083-43.008-6.912-62.003zM205.005 424.294c0-121.139 98.15-219.29 219.238-219.29 121.139 0 229.069 107.878 229.069 229.069 0 121.088-98.202 219.29-219.29 219.29-121.139-0.051-229.018-107.981-229.018-229.069z"
        ],
        "attrs": [],
        "isMulticolor": false,
        "isMulticolor2": false,
        "tags": [
          "magnifying-glass"
        ],
        "grid": 20
      },
      "attrs": [],
      "properties": {
        "id": 25,
        "order": 60,
        "prevSize": 20,
        "code": 59660,
        "name": "magnifying-glass"
      },
      "setIdx": 1,
      "setId": 7,
      "iconIdx": 25
    },
    {
      "icon": {
        "paths": [
          "M270.029 354.048c10.24 0 20.173 1.485 29.491 4.403 35.328-39.578 74.496-75.622 116.89-107.52-1.792-7.475-2.765-15.309-2.765-23.296 0-11.11 1.843-21.811 5.222-31.795-47.565-33.997-99.174-62.618-154.163-84.685-51.456 31.795-96.358 73.267-132.198 121.907 26.573 47.104 58.163 90.982 94.106 130.918 13.107-6.349 27.802-9.933 43.418-9.933zM169.779 454.246c0-14.080 2.97-27.494 8.141-39.578-32.154-35.43-61.286-73.523-86.784-114.125-32 63.59-50.176 135.424-50.176 211.507 0 88.013 24.269 170.394 66.304 240.896 15.053-84.685 43.571-164.813 82.944-238.182-12.8-16.794-20.429-37.837-20.429-60.518zM513.843 127.437c26.47 0 50.432 10.291 68.403 27.085 52.275-22.477 107.315-39.782 164.608-50.79-69.171-39.885-149.35-62.771-234.854-62.771-58.317 0-114.125 10.701-165.683 30.106 40.909 20.224 79.923 43.776 116.582 70.4 14.95-8.909 32.307-14.029 50.944-14.029zM663.654 599.45c6.246-13.005 15.104-24.525 26.061-33.587-29.594-90.982-76.442-174.285-136.806-245.914-11.981 5.12-25.19 7.885-39.117 7.885-21.76 0-41.779-7.014-58.214-18.688-36.352 27.597-69.99 58.522-100.557 92.314 9.626 15.309 15.206 33.382 15.206 52.787 0 10.394-1.587 20.48-4.608 30.003 87.91 58.675 189.133 99.021 298.035 115.2zM793.651 734.771c1.331 18.995 2.099 38.093 2.099 57.395 0 33.997-2.15 67.482-6.246 100.403 79.872-58.317 140.698-141.21 171.366-237.517-36.352 8.806-73.626 15.104-111.667 18.688-8.858 27.494-29.286 49.613-55.552 61.030zM640.205 666.829c-116.326-19.302-224.102-63.693-317.952-127.181-15.258 9.318-33.126 14.797-52.275 14.797-7.117 0-13.926-0.717-20.582-2.099-44.902 85.094-73.626 180.070-81.869 280.781 44.851 48.128 99.533 86.886 161.024 112.896 76.39-117.402 183.091-214.477 311.654-279.194zM828.211 162.867c-75.52 7.322-147.61 26.317-214.682 54.682 0.307 3.379 0.512 6.707 0.512 10.086 0 15.821-3.789 30.72-10.291 43.981 67.123 78.797 119.142 170.496 152.013 270.899 40.806 0.819 75.622 25.702 90.624 61.184 45.363-4.608 89.498-13.312 131.994-25.805 3.072-21.504 4.71-43.52 4.71-65.894-0.051-138.445-59.75-262.963-154.88-349.133zM690.637 720.333c-120.013 56.218-220.365 142.797-293.018 248.627 36.608 9.165 74.906 14.080 114.381 14.080 71.014 0 138.342-15.821 198.758-43.981 9.728-47.514 14.848-96.614 14.848-146.893 0-18.176-0.819-36.198-2.202-54.016-12.083-3.891-23.194-9.882-32.768-17.818z"
        ],
        "attrs": [],
        "isMulticolor": false,
        "isMulticolor2": false,
        "tags": [
          "network"
        ],
        "grid": 20
      },
      "attrs": [],
      "properties": {
        "id": 26,
        "order": 59,
        "prevSize": 20,
        "code": 59661,
        "name": "network"
      },
      "setIdx": 1,
      "setId": 7,
      "iconIdx": 26
    },
    {
      "icon": {
        "paths": [
          "M0 716.8v76.698c0 14.182 11.52 25.702 25.702 25.702h51.046c14.131 0 25.651-11.52 25.651-25.702v-76.698c0-49.101 41.011-116.378 102.4-142.285v-107.776c-118.579 27.443-204.8 146.125-204.8 250.061zM617.728 240.691l-129.536 97.178c-17.766 13.312-39.373 20.531-61.594 20.531h-119.142c-28.416 0-51.456 23.040-51.456 51.456v204.339c0 28.365 23.040 51.405 51.456 51.405h119.142c22.221 0 43.827 7.219 61.594 20.531l129.587 97.178c31.027 23.296 68.813 35.891 107.622 35.891h93.798v-614.4h-93.798c-38.81 0-76.595 12.595-107.674 35.891zM870.4 307.2v102.4h153.6v-102.4h-153.6zM870.4 716.8h153.6v-102.4h-153.6v102.4z"
        ],
        "attrs": [],
        "isMulticolor": false,
        "isMulticolor2": false,
        "tags": [
          "power-plug"
        ],
        "grid": 20
      },
      "attrs": [],
      "properties": {
        "id": 27,
        "order": 67,
        "prevSize": 20,
        "code": 59662,
        "name": "power-plug"
      },
      "setIdx": 1,
      "setId": 7,
      "iconIdx": 27
    },
    {
      "icon": {
        "paths": [
          "M992.666 20.736c-5.683-16.077-23.245-24.576-39.373-18.995s-24.627 23.296-19.046 39.424c47.565 136.704-46.848 238.797-118.835 293.478l-29.082-41.677c-9.779-13.978-31.642-25.6-48.64-25.805l-163.226 0.717c-16.998-0.307-42.24 7.475-56.166 17.306l-480.973 337.254c-23.296 16.384-28.928 48.486-12.646 71.885l218.573 312.73c16.384 23.296 42.547 20.48 65.894 4.198l480.973-337.306c13.824-9.779 29.798-30.874 35.43-47.002l51.098-161.024c5.632-16.077 2.202-40.602-7.578-54.579l-17.715-25.395c96.666-74.086 197.018-205.005 141.312-365.21zM768.87 499.866c-37.222 26.112-88.627 16.998-114.688-20.275-26.163-37.376-17.050-88.781 20.224-114.995 29.594-20.736 67.994-19.251 95.642 0.87-13.926 8.397-23.501 13.312-25.293 14.080-15.411 7.322-22.016 25.805-14.746 41.216 5.325 11.213 16.435 17.818 28.006 17.818 4.403 0 8.909-1.024 13.158-3.021 9.933-4.71 20.582-10.291 31.693-16.896 4.966 30.413-7.117 62.31-33.997 81.203z"
        ],
        "attrs": [],
        "isMulticolor": false,
        "isMulticolor2": false,
        "tags": [
          "price-tag"
        ],
        "grid": 20
      },
      "attrs": [],
      "properties": {
        "id": 28,
        "order": 68,
        "prevSize": 20,
        "code": 59663,
        "name": "price-tag"
      },
      "setIdx": 1,
      "setId": 7,
      "iconIdx": 28
    },
    {
      "icon": {
        "paths": [
          "M76.851 307.2h870.4c29.184 0 24.422-31.13 9.882-36.198-14.592-5.069-176.282-66.202-204.493-66.202h-35.84v-153.6h-409.6v153.6h-35.789c-28.16 0-189.901 61.133-204.442 66.202s-19.302 36.198 9.882 36.198zM972.8 358.4h-921.6c-28.16 0-51.2 23.040-51.2 51.2v256c0 28.211 23.040 51.2 51.2 51.2h116.89l-45.158 256h778.189l-45.21-256h116.89c28.211 0 51.2-22.989 51.2-51.2v-256c0-28.16-22.989-51.2-51.2-51.2zM235.674 870.4l61.338-358.554h430.029l61.389 358.554h-552.755z"
        ],
        "attrs": [],
        "isMulticolor": false,
        "isMulticolor2": false,
        "tags": [
          "print"
        ],
        "grid": 20
      },
      "attrs": [],
      "properties": {
        "id": 29,
        "order": 69,
        "prevSize": 20,
        "code": 59664,
        "name": "print"
      },
      "setIdx": 1,
      "setId": 7,
      "iconIdx": 29
    },
    {
      "icon": {
        "paths": [
          "M921.6 256h-819.2c-56.32 0-102.4 46.080-102.4 102.4v307.2c0 56.32 46.080 102.4 102.4 102.4h819.2c56.32 0 102.4-46.080 102.4-102.4v-307.2c0-56.32-46.080-102.4-102.4-102.4zM921.6 665.6h-819.2v-307.2h819.2v307.2z"
        ],
        "attrs": [],
        "isMulticolor": false,
        "isMulticolor2": false,
        "tags": [
          "progress-empty"
        ],
        "grid": 20
      },
      "attrs": [],
      "properties": {
        "id": 30,
        "order": 91,
        "prevSize": 20,
        "code": 59682,
        "name": "progress-empty"
      },
      "setIdx": 1,
      "setId": 7,
      "iconIdx": 30
    },
    {
      "icon": {
        "paths": [
          "M921.6 256h-819.2c-56.32 0-102.4 46.080-102.4 102.4v307.2c0 56.32 46.080 102.4 102.4 102.4h819.2c56.32 0 102.4-46.080 102.4-102.4v-307.2c0-56.32-46.080-102.4-102.4-102.4zM921.6 665.6h-819.2v-307.2h819.2v307.2zM358.4 409.6h-204.8v204.8h204.8v-204.8zM614.4 409.6h-204.8v204.8h204.8v-204.8zM870.4 409.6h-204.8v204.8h204.8v-204.8z"
        ],
        "attrs": [],
        "isMulticolor": false,
        "isMulticolor2": false,
        "tags": [
          "progress-full"
        ],
        "grid": 20
      },
      "attrs": [],
      "properties": {
        "id": 31,
        "order": 92,
        "prevSize": 20,
        "code": 59683,
        "name": "progress-full"
      },
      "setIdx": 1,
      "setId": 7,
      "iconIdx": 31
    },
    {
      "icon": {
        "paths": [
          "M921.6 256h-819.2c-56.32 0-102.4 46.080-102.4 102.4v307.2c0 56.32 46.080 102.4 102.4 102.4h819.2c56.32 0 102.4-46.080 102.4-102.4v-307.2c0-56.32-46.080-102.4-102.4-102.4zM921.6 665.6h-819.2v-307.2h819.2v307.2zM358.4 409.6h-204.8v204.8h204.8v-204.8z"
        ],
        "attrs": [],
        "isMulticolor": false,
        "isMulticolor2": false,
        "tags": [
          "progress-one"
        ],
        "grid": 20
      },
      "attrs": [],
      "properties": {
        "id": 32,
        "order": 93,
        "prevSize": 20,
        "code": 59684,
        "name": "progress-one"
      },
      "setIdx": 1,
      "setId": 7,
      "iconIdx": 32
    },
    {
      "icon": {
        "paths": [
          "M921.6 256h-819.2c-56.32 0-102.4 46.080-102.4 102.4v307.2c0 56.32 46.080 102.4 102.4 102.4h819.2c56.32 0 102.4-46.080 102.4-102.4v-307.2c0-56.32-46.080-102.4-102.4-102.4zM921.6 665.6h-819.2v-307.2h819.2v307.2zM358.4 409.6h-204.8v204.8h204.8v-204.8zM614.4 409.6h-204.8v204.8h204.8v-204.8z"
        ],
        "attrs": [],
        "isMulticolor": false,
        "isMulticolor2": false,
        "tags": [
          "progress-two"
        ],
        "grid": 20
      },
      "attrs": [],
      "properties": {
        "id": 33,
        "order": 94,
        "prevSize": 20,
        "code": 59685,
        "name": "progress-two"
      },
      "setIdx": 1,
      "setId": 7,
      "iconIdx": 33
    },
    {
      "icon": {
        "paths": [
          "M272.128 174.131c-82.432 0-149.299 68.762-149.299 153.6 0 84.787 66.867 153.6 149.299 153.6 149.248 0 49.766 296.909-149.299 296.909v71.68c355.277 0.051 494.49-675.789 149.299-675.789zM702.208 174.131c-82.381 0-149.248 68.762-149.248 153.6 0 84.787 66.867 153.6 149.248 153.6 149.299 0 49.818 296.909-149.248 296.909v71.68c355.226 0.051 494.438-675.789 149.248-675.789z"
        ],
        "attrs": [],
        "isMulticolor": false,
        "isMulticolor2": false,
        "tags": [
          "quote"
        ],
        "grid": 20
      },
      "attrs": [],
      "properties": {
        "id": 34,
        "order": 79,
        "prevSize": 20,
        "code": 59671,
        "name": "quote"
      },
      "setIdx": 1,
      "setId": 7,
      "iconIdx": 34
    },
    {
      "icon": {
        "paths": [
          "M610.97 669.133c0 0 361.421-260.813 321.331-559.309-0.87-6.502-3.021-10.906-5.734-13.722-2.765-2.816-7.014-5.018-13.466-5.888-291.686-41.011-546.509 328.806-546.509 328.806-221.082-26.47-205.005 17.613-305.869 259.891-19.302 46.182 11.981 62.106 46.285 49.101 34.304-12.902 109.978-41.523 109.978-41.523l132.608 135.578c0 0-27.955 77.517-40.602 112.589-12.698 35.123 2.816 67.123 48.026 47.411 236.749-103.219 279.859-86.733 253.952-312.934zM662.63 366.234c-30.618-31.386-30.618-82.125 0-113.51 30.618-31.283 80.23-31.283 110.899 0 30.618 31.283 30.618 82.074 0 113.51-30.669 31.283-80.333 31.283-110.899 0z"
        ],
        "attrs": [],
        "isMulticolor": false,
        "isMulticolor2": false,
        "tags": [
          "rocket"
        ],
        "grid": 20
      },
      "attrs": [],
      "properties": {
        "id": 35,
        "order": 64,
        "prevSize": 20,
        "code": 59665,
        "name": "rocket"
      },
      "setIdx": 1,
      "setId": 7,
      "iconIdx": 35
    },
    {
      "icon": {
        "paths": [
          "M256 81.92c0-28.314-22.938-30.72-51.2-30.72-28.314 0-51.2 2.406-51.2 30.72v430.080h102.4v-430.080zM153.6 942.080c0 28.211 22.886 30.72 51.2 30.72 28.262 0 51.2-2.509 51.2-30.72v-174.080h-102.4v174.080zM327.629 563.2h-245.76c-28.314 0-30.669 22.938-30.669 51.2v51.2c0 28.314 2.355 51.2 30.669 51.2h245.811c28.16 0 30.72-22.886 30.72-51.2v-51.2c0-28.262-2.56-51.2-30.771-51.2zM942.029 614.4h-245.811c-28.262 0-30.618 22.938-30.618 51.2v51.2c0 28.314 2.355 51.2 30.669 51.2h245.811c28.16 0 30.72-22.886 30.72-51.2v-51.2c0-28.262-2.56-51.2-30.771-51.2zM665.6 358.4c0-28.262-2.56-51.2-30.771-51.2h-245.76c-28.314 0-30.669 22.938-30.669 51.2v51.2c0 28.314 2.355 51.2 30.669 51.2h245.811c28.16 0 30.72-22.886 30.72-51.2v-51.2zM563.2 81.92c0-28.314-22.938-30.72-51.2-30.72-28.314 0-51.2 2.406-51.2 30.72v174.080h102.4v-174.080zM460.8 942.080c0 28.211 22.886 30.72 51.2 30.72 28.262 0 51.2-2.509 51.2-30.72v-430.080h-102.4v430.080zM870.4 81.92c0-28.314-22.938-30.72-51.2-30.72-28.314 0-51.2 2.406-51.2 30.72v481.28h102.4v-481.28zM768 942.080c0 28.211 22.886 30.72 51.2 30.72 28.262 0 51.2-2.509 51.2-30.72v-122.88h-102.4v122.88z"
        ],
        "attrs": [],
        "isMulticolor": false,
        "isMulticolor2": false,
        "tags": [
          "sound-mix"
        ],
        "grid": 20
      },
      "attrs": [],
      "properties": {
        "id": 36,
        "order": 61,
        "prevSize": 20,
        "code": 59666,
        "name": "sound-mix"
      },
      "setIdx": 1,
      "setId": 7,
      "iconIdx": 36
    },
    {
      "icon": {
        "paths": [
          "M819.2 0h-614.4c-56.32 0-102.4 46.029-102.4 102.4v819.2c0 56.32 46.080 102.4 102.4 102.4h614.4c56.371 0 102.4-46.080 102.4-102.4v-819.2c0-56.371-46.029-102.4-102.4-102.4zM512 972.8c-35.328 0-64-22.886-64-51.2s28.672-51.2 64-51.2c35.277 0 64 22.886 64 51.2s-28.723 51.2-64 51.2zM819.2 819.2h-614.4v-716.8h614.4v716.8z"
        ],
        "attrs": [],
        "isMulticolor": false,
        "isMulticolor2": false,
        "tags": [
          "tablet"
        ],
        "grid": 20
      },
      "attrs": [],
      "properties": {
        "id": 37,
        "order": 65,
        "prevSize": 20,
        "code": 59667,
        "name": "tablet"
      },
      "setIdx": 1,
      "setId": 7,
      "iconIdx": 37
    },
    {
      "icon": {
        "paths": [
          "M819.2 51.2h-614.4c-28.314 0-51.2 22.886-51.2 51.2v819.2c0 28.262 22.886 51.2 51.2 51.2h614.4c28.314 0 51.2-22.938 51.2-51.2v-819.2c0-28.262-22.886-51.2-51.2-51.2zM768 870.4h-512v-716.8h512v716.8zM665.6 256h-307.2v102.4h307.2v-102.4zM665.6 665.6h-307.2v102.4h307.2v-102.4zM665.6 460.8h-307.2v102.4h307.2v-102.4z"
        ],
        "attrs": [],
        "isMulticolor": false,
        "isMulticolor2": false,
        "tags": [
          "text-document"
        ],
        "grid": 20
      },
      "attrs": [],
      "properties": {
        "id": 38,
        "order": 63,
        "prevSize": 20,
        "code": 59668,
        "name": "text-document"
      },
      "setIdx": 1,
      "setId": 7,
      "iconIdx": 38
    },
    {
      "icon": {
        "paths": [
          "M921.6 51.2h-819.2c-56.371 0-102.4 46.080-102.4 102.4v563.2c0 56.32 45.158 111.514 100.403 122.522l223.846 44.8c0 0-192.666 88.678-68.25 88.678h512c124.416 0-68.301-88.678-68.301-88.678l223.898-44.8c55.194-11.008 100.403-66.202 100.403-122.522v-563.2c0-56.32-46.080-102.4-102.4-102.4zM921.6 716.8h-819.2v-563.2h819.2v563.2z"
        ],
        "attrs": [],
        "isMulticolor": false,
        "isMulticolor2": false,
        "tags": [
          "tv"
        ],
        "grid": 20
      },
      "attrs": [],
      "properties": {
        "id": 39,
        "order": 66,
        "prevSize": 20,
        "code": 59669,
        "name": "tv"
      },
      "setIdx": 1,
      "setId": 7,
      "iconIdx": 39
    },
    {
      "icon": {
        "paths": [
          "M395.52 109.875c-52.019 38.707-65.997 99.994-63.437 132.608 3.277 39.885 11.366 91.802 11.366 91.802s-16.026 8.704-16.026 43.725c5.581 87.91 34.97 49.971 41.011 88.525 14.541 92.877 47.77 76.339 47.77 127.027 0 84.429-34.816 123.904-143.514 170.701-109.056 47.002-221.491 106.138-221.491 208.538v51.2h921.6v-51.2c0-102.4-112.486-161.536-221.594-208.486-108.698-46.797-143.411-86.221-143.411-170.701 0-50.688 33.126-34.15 47.718-127.027 6.093-38.554 35.43-0.614 41.114-88.525 0-35.021-16.077-43.725-16.077-43.725s8.090-51.917 11.315-91.802c3.328-41.83-20.378-131.123-117.76-158.515-17.050-17.408-28.57-45.107 23.859-72.909-114.688-5.376-141.363 54.63-202.445 98.765z"
        ],
        "attrs": [],
        "isMulticolor": false,
        "isMulticolor2": false,
        "tags": [
          "user"
        ],
        "grid": 20
      },
      "attrs": [],
      "properties": {
        "id": 40,
        "order": 95,
        "prevSize": 20,
        "code": 59686,
        "name": "user"
      },
      "setIdx": 1,
      "setId": 7,
      "iconIdx": 40
    }
  ],
  "height": 1024,
  "metadata": {
    "name": "icomoon"
  },
  "preferences": {
    "showGlyphs": true,
    "showQuickUse": true,
    "showQuickUse2": false,
    "showSVGs": true,
    "fontPref": {
      "prefix": "icon-",
      "metadata": {
        "fontFamily": "icomoon"
      },
      "metrics": {
        "emSize": 1024,
        "baseline": 6.25,
        "whitespace": 50
      },
      "embed": false
    },
    "imagePref": {
      "prefix": "icon-",
      "png": true,
      "useClassSelector": true,
      "color": 0,
      "bgColor": 16777215,
      "classSelector": ".icon",
      "autoHost": true
    },
    "historySize": 100,
    "showCodes": true,
    "gridSize": 16,
    "quickUsageToken": {
      "UntitledProject1": "NzYwZGRiNjI5ZmIwY2E1NmU1NzMwNTczNmE2OTk5NDgjMSMxNDY2NjcxMzEyIyMj"
    },
    "showLiga": true
  }
}